名前,ID,種類,詳細
普通攻擊(空手),3481186334,近戰,空手 first 普通 攻擊
普通攻擊(空手),1578628668,近戰,空手 second 普通 攻擊
普通攻擊(空手),888355388,近戰,空手 third 普通 攻擊
普通攻擊(空手),1306546230,近戰,空手 空中 first 普通 攻擊
普通攻擊(空手),439463649,近戰,空手 空中 second 普通 攻擊
普通攻擊(空手),2213730805,近戰,空手 空中 third 普通 攻擊
墊步攻擊(空手),2071807444,近戰,空手 墊步攻擊
俯身重拳(空手),3085782811,PA,Unarmed
普通攻擊(長杖),1698836726,近戰,長杖 first 普通 攻擊
普通攻擊(長杖),1698835954,近戰,長杖 second 普通 攻擊
普通攻擊(長杖),1698835891,近戰,長杖 third 普通 攻擊
普通攻擊(導具),603769614,遠程,導具 first 普通 攻擊
普通攻擊(導具),603769679,遠程,導具 second 普通 攻擊
普通攻擊(導具),603769484,遠程,導具 third 普通 攻擊
長杖射擊,82081592,近戰,長杖 Shoot
長杖爆破彈,102418521,特殊,Another 長杖 Shooting Mode 戒指
寒冰爆裂,3533119346,特殊,Freeze Ignition (Fo 技能)
火球,2875245395,術能,未蓄力
火球,169905548,術能,蓄力
火環,46933754,術能,未蓄力
火環,1396192371,術能,蓄力
炎爆,3727832945,術能,未蓄力
炎爆,3160663286,術能,蓄力
焰浪,992062163,術能,未蓄力
焰浪,1313506350,術能,蓄力
零式焰浪,1314363598,術能,未蓄力
零式焰浪,2566461378,術能,未蓄力
零式焰浪,166001586,術能,蓄力
零式焰浪,2588035419,術能,蓄力
熾火球,3050042460,術能,地面 未蓄力
熾火球,4054265489,術能,地面 蓄力
熾火球,828617961,術能,Direct 未蓄力
熾火球,840836682,術能,Direct 蓄力
隕石轟擊,753131125,術能,未蓄力
隕石轟擊,3465265553,術能,蓄力
冰刃,266516230,術能,未蓄力
冰刃,2503064048,術能,蓄力
冰波,4241185338,術能,未蓄力
冰波,3975187521,術能,蓄力
冰風暴,2628737071,術能,未蓄力
冰風暴,1838809243,術能,蓄力
冰晶落,1906247115,術能,未蓄力
冰晶落,3773240682,術能,蓄力1
冰晶落,3773212059,術能,Sabarta 蓄力 (零式?) 第二下
冰晶落,3773297992,術能,Sabarta 蓄力 (零式?) 第三下
寒冰噴射,49556873,術能,Cone
冰晶刻印,3811499950,術能,未蓄力1
冰晶刻印,1100223160,術能,蓄力1
冰晶刻印,3813876239,術能,未蓄力2
冰晶刻印,1097749259,術能,蓄力2
冰晶刻印,3811409918,術能,未蓄力3
冰晶刻印,1097489198,術能,蓄力3
落雷,1715327776,術能,蓄力
落雷,554054867,術能,未蓄力
零式落雷,553845451,術能,Zonde (type-0 零式) 未蓄力
零式落雷,3325804278,術能,蓄力
零式落雷,3480669127,術能,蓄力 final blast
連鎖閃電,71596560,術能,蓄力
連鎖閃電,3022246617,術能,未蓄力
雷獄,3676394406,術能,蓄力
雷獄,1182047893,術能,未蓄力
雷光球,3103634595,術能,蓄力
雷光球,577772084,術能,Sazonde ignition burn/poisonlike damage? (蓄力)
雷光球,3004803920,術能,未蓄力
強電磁場,3588292375,術能,蓄力
強電磁場,2651268955,術能,未蓄力
雷電領域,2789601843,術能,蓄力
雷電領域,1343119479,術能,Nazonde無spam ignition? what is sega thinking
雷電領域,4278420419,術能,未蓄力
雷鳥衝擊,1756866220,術能,蓄力
雷鳥衝擊,2398664728,術能,未蓄力
風刃,521246550,術能,蓄力
風刃,1968122153,術能,未蓄力
環風刃,240324652,術能,蓄力
環風刃,3485405777,術能,未蓄力
環風刃,3917149067,術能,蓄力
旋風柱,1061314683,術能,蓄力
旋風柱,1105346738,術能,未蓄力
龍捲柱,886169895,術能,蓄力
龍捲柱,3946162743,術能,未蓄力
風刃結界,2106601422,術能,
烈風衝擊,1233164694,術能,蓄力
烈風衝擊,1497197786,術能,未蓄力
零式烈風衝擊,3917512316,術能,Nazan (type-0 零式) 未蓄力
零式烈風衝擊,1490526560,術能,second
零式烈風衝擊,3510056594,術能,Nazan 蓄力 第一下
零式烈風衝擊,2994867107,術能,第二下
零式烈風衝擊,1437435851,術能,loads of hits
空壓波,2891550606,術能,蓄力
空壓波,1944592516,術能,未蓄力
光箭,696766223,術能,蓄力
光箭,587902627,術能,未蓄力
旋光劍,1564723661,術能,
旋光劍,1530463953,術能,
旋光劍,1436931332,術能,
旋光劍,2514551176,術能,
旋光劍,2514506879,術能,
光之槍,1533572763,術能,蓄力
光之槍,3561438056,術能,未蓄力
恢復結界,142771121,術能,
恢復結界,4031424500,術能,
恢復結界,195155587,術能,
恢復結界,3436243939,術能,
淨化結界,2654395262,術能,
光之力場,3224409263,術能,
光之力場,441986811,術能,
流光彈,3937014835,術能,
流光彈,1775046628,術能,
闇影彈,3476394151,術能,
闇影彈,1348241237,術能,
闇光陣,2362873256,術能,
闇光陣,2076503293,術能,
闇影之雨,1346510043,術能,
闇影之雨,2458729274,術能,
零式闇影之雨,1488338153,術能,未蓄力
零式闇影之雨,3108138604,Teh,蓄力
闇影追跡,757530403,術能,
闇影追跡,3731229904,術能,
闇咒刻印,803375681,術能,
闇咒刻印,2368738938,術能,
魔魂爪,3791794807,術能,
魔魂爪,3041296659,術能,
黑炎射線,9380787,術能,???
黑炎射線,1671704953,術能,???
迅雷疾風,481495314,術能,???
迅雷疾風,2644417114,術能,???
燃燒,2505928570,狀態,燃燒 狀態 效果 (level 1)
燃燒,2505928505,狀態,燃燒 狀態 效果 (level 2)
燃燒,2505928696,狀態,燃燒 狀態 效果 (level 3)
燃燒,2505928584,狀態,燃燒 狀態 效果 (level 4)
燃燒,2505927753,狀態,燃燒 狀態 效果 (level 5)
中毒,1739789695,狀態,中毒 狀態 效果 (level 1)
中毒,1739789694,狀態,中毒 狀態 效果 (level 2)
中毒,1739789665,狀態,中毒 狀態 效果 (level 3)
中毒,1739789664,狀態,中毒 狀態 效果 (level 4)
中毒,1739789667,狀態,中毒 狀態 效果 (level 5)
普通攻擊(短杖),1775819901,近戰,短杖
普通攻擊(短杖),1775820734,近戰,短杖
普通攻擊(短杖),1775820799,近戰,短杖
墊步攻擊(短杖),1777037248,近戰,短杖 (墊步 攻擊)
猛毒爆裂,2532986093,特殊,中毒 Ignition (Te 技能)
短杖齒輪,2614865725,術能,短杖齒輪 (冰)
短杖齒輪,1479548096,術能,短杖齒輪 (火)
短杖齒輪,789614525,術能,短杖齒輪 (雷)
短杖齒輪,3274663457,術能,短杖齒輪 (光)
短杖齒輪,1513048310,術能,短杖齒輪 (暗)
短杖齒輪,3948088357,術能,短杖齒輪 (風)
冰閃劍舞,295363461,術能,冰閃劍舞
冰閃劍舞,3388489620,術能,冰閃劍舞
冰閃劍舞,1163319447,術能,冰閃劍舞
冰閃劍舞,2334157934,術能,冰閃劍舞
冰閃劍舞,2379907725,術能,冰閃劍舞
完美格擋,1612949165,特殊,Hunter 武器 JG
墊步衝撞,3943870236,近戰,Br 墊步衝撞
墊步攻擊(大劍),1216456228,近戰,大劍
墊步攻擊(零式),1279043576,近戰,獻祭之噬零式
普通攻擊(大劍),1215379240,近戰,大劍 1st
普通攻擊(大劍),1215379433,近戰,大劍 2nd
普通攻擊(大劍),1215367338,近戰,大劍 3rd
普通攻擊(零式),2001359545,近戰,大劍 1st 獻祭之噬零式
普通攻擊(零式),2002747972,近戰,大劍 2nd 獻祭之噬零式
普通攻擊(零式),2084739075,近戰,大劍 3rd 獻祭之噬零式
普通攻擊(大劍),1331225593,近戰,大劍 空中 first 普通 攻擊 
普通攻擊(大劍),1331225146,近戰,大劍 空中 second 普通 攻擊
普通攻擊(大劍),1331225211,近戰,大劍 空中 third 普通 攻擊
普通攻擊(零式),1351584013,近戰,大劍 空中 first 普通 攻擊 獻祭之噬零式
普通攻擊(零式),1353244642,近戰,大劍 空中 second 普通 攻擊 獻祭之噬零式
普通攻擊(零式),1354018567,近戰,大劍 空中 third 普通 攻擊 獻祭之噬零式
昇龍斬,1227622308,PA,Start
昇龍斬,1224723795,PA,Spin
旋空落,1224723730,PA,Spin
旋空落,3096797813,PA,Slam
旋空落,3096804787,PA,Twister Fall second slam part
旋空落,3096805226,PA,Twister Fall third slam part
旋空落零式,3096804398,PA,零式 spin
旋空落零式,1227789065,PA,零式 slam
旋空落零式,1227789258,PA,Twister Fall 零式 second slam part
旋空落零式,1227788826,PA,Twister Fall 零式 third slam part
新星環擊,3096784224,PA,1st
新星環擊,3096784697,PA,2nd
新星環擊,3034360175,PA,3rd
御劍突擊,1224723856,PA,
終結一擊,3096759815,PA,First 4
終結一擊,3330009863,PA,final
終結一擊,3096759878,PA,???
終結一擊,3096760066,PA,???
氣絕震擊,1224723991,PA,
音速劍,3096760613,PA,no 齒輪
音速劍,3096760676,PA,partial 齒輪
音速劍,3096768032,PA,全 齒輪
音速劍,1410023705,PA,???
殘酷投擲,2150373435,PA,grab
殘酷投擲,1224724117,PA,thrown
Enemy Thrown,2164805818,PA,beatdown
斷罪突擊,3096967176,PA,no 蓄力 1
斷罪突擊,784836873,PA,no 蓄力 2
斷罪突擊,3096967243,PA,半 蓄力 1
斷罪突擊,785070206,PA,半 蓄力 2
斷罪突擊,3096936719,PA,全 蓄力 1
斷罪突擊,297995916,PA,全 蓄力 2
獻祭之噬,526157945,PA,獻祭之噬 latch
獻祭之噬,2275427188,PA,獻祭之噬 蓄力
獻祭之噬,985472180,PA,獻祭之噬 短-蓄力
獻祭之噬,2606728976,PA,獻祭之噬 smack
獻祭之噬零式,1040118139,PA,latch
獻祭之噬零式,179195970,PA,蓄力
獻祭之噬零式,3909378260,PA,短-蓄力
獻祭之噬零式,3040541025,PA,smack
熾熱連舞,3096775537,PA,熾熱連舞 first four strikes (parried version uses this as well)
熾熱連舞,54200585,PA,熾熱連舞 final two strikes
熾熱連舞,498184876,PA,Ignition Parry parried 第一下
熾熱連舞,915579056,PA,Ignition Parry parried last 2 hits
熾熱連舞,54200648,PA,Ignition Parry 1 齒輪 last 2 hits
熾熱連舞,54200890,PA,Ignition Parry 2 齒輪 last 2 hits
熾熱連舞,915578993,PA,Ignition Parry 1 齒輪 last 2 hits parried
熾熱連舞,915561415,PA,Ignition Parry 2 齒輪 last 2 hits parried
普通攻擊(長槍),2285482403,近戰,長槍 1
普通攻擊(長槍),2226608029,近戰,長槍 2
普通攻擊(長槍),3208780153,近戰,長槍 3
普通攻擊(長槍),689132866,近戰,長槍 空中 first 普通 攻擊
普通攻擊(長槍),2984060434,近戰,長槍 空中 second 普通 攻擊
普通攻擊(長槍),3685709820,近戰,長槍 空中 third 普通 攻擊
墊步攻擊(長槍),998183821,近戰,長槍 Step
環擊槍舞,636978853,PA,Slide Shaker spin無齒輪
環擊槍舞,1520282204,PA,Slide Shaker final hit無齒輪
環擊槍舞,3227905532,PA,Spin
環擊槍舞,2058300958,PA,final
音刃槍雨,2059941313,PA,
音刃槍雨,2526158104,PA,Speed Rain無齒輪
突擊上劈,2304899440,PA,突擊上劈 first 擊中無齒輪
突擊上劈,1539563132,PA,突擊上劈 second 擊中無齒輪
突擊上劈,4126118223,PA,突擊上劈 first 擊中 with 齒輪
突擊上劈,3118916294,PA,突擊上劈 second 擊中 with 齒輪
穿刺投擲,3489365027,PA,穿刺投擲 擊中 and pickup
穿刺投擲,433956771,PA,穿刺投擲 thrown
穿刺投擲,3149659211,PA,穿刺投擲 擊中 and pickup (g)
穿刺投擲,2913954274,PA,穿刺投擲 thrown (g)
詭局突擊,2653614511,PA,詭局突擊 first 5 擊中s
詭局突擊,13652846,PA,詭局突擊 final 擊中
詭局突擊,3731898348,PA,詭局突擊 first 5 擊中s (齒輪)
詭局突擊,3577272225,PA,詭局突擊 final 擊中 (齒輪)
一閃,377464480,PA,一閃 未蓄力
一閃,2909671153,PA,一閃 蓄力
一閃,3587562687,PA,一閃 未蓄力 (齒輪)
一閃,1834644812,PA,一閃 蓄力 (齒輪)
毀滅突擊,3303155134,PA,毀滅突擊
毀滅突擊,2759272399,PA,毀滅突擊 蓄力
毀滅突擊,1141954068,PA,毀滅突擊 (齒輪)
毀滅突擊,345377627,PA,毀滅突擊 蓄力 (齒輪)
獵豹強奪,3904258146,PA,獵豹強奪
獵豹強奪,4105316267,PA,獵豹強奪 (齒輪)
聖槍制裁,978114411,PA,聖槍制裁
聖槍制裁,3090311227,PA,聖槍制裁 (齒輪)
猛禽獵殺,936938020,PA,猛禽獵殺
猛禽獵殺,925141705,PA,猛禽獵殺 蓄力
撕裂網格,3331228937,PA,Tear Grid combo 擊中s
撕裂網格,195498830,PA,Tear Grid final 擊中
撕裂網格,3630719180,PA,Tear Grid combo 擊中s(g)
撕裂網格,3226393072,PA,Tear Grid final 擊中 (g)
普通攻擊(自在槍),1667827810,近戰,Wired Lance 1
普通攻擊(自在槍),1667827875,近戰,Wired Lance 2
普通攻擊(自在槍),1667828192,近戰,Wired Lance 3
墊步攻擊(自在槍),1667395446,近戰,WL Step
拘束摔落,2996928382,PA,拘束摔落 pickup
拘束摔落,377627045,PA,拘束摔落 slam
束縛突擊,1615246036,PA,束縛突擊 grapple
束縛突擊,1667543020,PA,束縛突擊 蓄力
天堂殞落,4142951253,PA,天堂殞落 heaven
天堂殞落,1713894514,PA,天堂殞落 fall
颶風投擲,1850125110,PA,颶風投擲 grab
颶風投擲,1871999855,PA,颶風投擲 cyclone
颶風投擲,455829749,PA,颶風投擲 fling
颶風投擲零式,1370775705,PA,Other Cyclone 零式 grab
颶風投擲零式,3838831464,PA,spin
颶風投擲零式,3070400580,PA,throw
陀螺旋投,781364083,PA,陀螺旋投 start
陀螺旋投,516963559,PA,陀螺旋投 spin
陀螺旋投,1667539754,PA,陀螺旋投 end
電流拘束,3976609677,PA,電流拘束 latch
電流拘束,4083023452,PA,電流拘束 spamclick ticks
電流拘束,604066823,PA,電流拘束 auto ticks
電流拘束,1667539691,PA,電流拘束 detatch
虛空擺盪,1667539880,PA,虛空擺盪
地獄犬之舞,1667539817,PA,地獄犬之舞
地獄犬之舞,185880800,PA,地獄犬之舞 finish
地獄犬之舞零式,4083015423,PA,地獄犬之舞 (零式)
地獄犬之舞零式,1181894001,PA,地獄犬之舞 finish (零式)
狂野風暴,1667539503,PA,狂野風暴
凱薩崛起,4083089437,PA,凱薩崛起
應對迴旋,4083089500,PA,應對迴旋
普通攻擊(銃劍),3318968327,近戰,Gunslash M1
普通攻擊(銃劍),1408075886,近戰,Gunslash M2
普通攻擊(銃劍),2364486899,近戰,Gunslash M3
普通攻擊(銃劍),1405961624,近戰,Gunslash (striking mode) 空中 first 普通 攻擊
普通攻擊(銃劍),3342919411,近戰,Gunslash (striking mode) 空中 second 普通 攻擊
普通攻擊(銃劍),3800743499,近戰,Gunslash (striking mode) 空中 third 普通 攻擊
普通攻擊(銃劍),2125202658,遠程,Gunslash R1
普通攻擊(銃劍),4276570552,遠程,Gunslash R2
普通攻擊(銃劍),2867139739,遠程,Gunslash R3
墊步攻擊(銃劍),2277392279,近戰,Gunslash Step
三重衝擊,3316645180,PA,三重衝擊 first two 擊中s
三重衝擊,1956354608,PA,三重衝擊 third impact
三重衝擊零式,2041657518,PA,Tri-Impact Crafted first non-slash hit
三重衝擊零式,4121081309,PA,三重衝擊 零式 擊中
三重衝擊零式,3770139908,PA,三重衝擊 零式 擊中
三重衝擊零式,1585984604,PA,三重衝擊 零式 擊中
狂怒之舞,4069575100,PA,狂怒之舞 stabs
狂怒之舞,2375995786,PA,狂怒之舞 shot
上劈射擊,1803337451,PA,上劈射擊 打?上?
上劈射擊,4080719295,PA,上劈射擊 射?
盤蛇擊空,3780905363,PA,盤蛇擊空 擊中s
盤蛇擊空,3959349048,PA,盤蛇擊空 final 擊中
瞄準射擊,1657878962,PA,瞄準射擊 (未蓄力)
瞄準射擊,1657879790,PA,瞄準射擊 (蓄力)
炸裂彈倉,3912567547,PA,炸裂彈倉
狂襲連斬,799003079,PA,狂襲連斬 combo 擊中s
狂襲連斬,799003014,PA,狂襲連斬 finishing shot part 1
狂襲連斬,1159428500,PA,狂襲連斬 finishing shot part 2
狂襲連斬,3180075746,PA,Slash Rave finishing shot part 2無stagger
三段連射,2250284406,PA,三段連射 踢
三段連射,2775356067,PA,三段連射 shot
轉位衝擊,4071330996,PA,轉位衝擊 (some 擊中s)
轉位衝擊,3235361631,PA,轉位衝擊 (other 擊中s)
衝擊連震,74469442,PA,衝擊連震 strike one
衝擊連震,74466659,PA,衝擊連震 strike two
衝擊連震,74468002,PA,衝擊連震 triple shot
雙重殉難,3169780679,PA,雙重殉難 melee startup
雙重殉難,3169781527,PA,雙重殉難 melee 擊中s (+range twirl)
雙重殉難,3169781648,PA,雙重殉難 melee finisher
雙重殉難,3169644227,PA,遠程 version (spin)
普通攻擊(兩劍),778603760,近戰,Double Saber 1
普通攻擊(兩劍),2169426261,近戰,Double Saber 2
普通攻擊(兩劍),1915920209,近戰,Double Saber 3
普通攻擊(兩劍),3587443201,近戰,Double Saber 空中 first 普通 攻擊
普通攻擊(兩劍),2489626506,近戰,Double Saber 空中 second 普通 攻擊
普通攻擊(兩劍),3086213424,近戰,Double Saber 空中 third 普通 攻擊
墊步攻擊(兩劍),422538670,近戰,Double Saber Step
兩劍旋風,2620269130,特殊,level 1
兩劍旋風,2620268940,特殊,level 2
兩劍旋風,2620269005,特殊,level 3
龍捲之舞零式,275226098,PA,
龍捲之舞零式,3746811944,PA,
龍捲之舞,1825444869,PA,
利剪切割,1652495452,PA,利剪切割 initial 擊中
利剪切割,2998595631,PA,利剪切割 additio??l 擊中s
漫步之月,4252278068,PA,漫步之月 first four 擊中s
漫步之月,4115432396,PA,漫步之月 final 擊中
幻影突襲,262573151,PA,幻影突襲 (like the first 半)
幻影突襲,1810428573,PA,幻影突襲 (other 半 of the 擊中s)
幻影突襲,122219643,PA,幻影突襲 (final 擊中 - third 半!!)
虛假捕獲,206972203,PA,虛假捕獲 擊中s
虛假捕獲,207210116,PA,虛假捕獲 slam dunk
驚駭突擊,1531593100,PA,驚駭突擊 (first three 擊中s)
驚駭突擊,129472838,PA,驚駭突擊 (dunk portion)
致命射手,4243814605,PA,致命射手
攻防迴舞,2726424864,PA,攻防迴舞
致命圓環,1319999679,PA,致命圓環
致命圓環零式,1215958429,PA,Deadly Circle 零式
混亂逆反,3025396833,PA,混亂逆反 (no 齒輪)
混亂逆反,3025396896,PA,混亂逆反 (Level 2 齒輪)
混亂逆反,3025396960,PA,混亂逆反
颶風釋放,1523926491,PA,Hurricane sender send
颶風釋放,524784934,PA,Hurricane sender detonate
颶風釋放,1523926426,PA,Hurricane sender send (level2 齒輪)
颶風釋放,524782206,PA,Hurricane detonate (level 2 齒輪)
颶風釋放,1523926105,PA,Hurricane send (level 2 齒輪)
颶風釋放,524782271,PA,Hurricane detonate (*level 3 齒輪)
普通攻擊(雙小劍),2378312327,近戰,
普通攻擊(雙小劍),2378312320,近戰,
普通攻擊(雙小劍),2378312321,近戰,
普通攻擊(雙小劍),3816723344,近戰,0 齒輪 空中 first 普通 攻擊
普通攻擊(雙小劍),3816723347,近戰,1 齒輪
普通攻擊(雙小劍),3816723346,近戰,2 齒輪
普通攻擊(雙小劍),3816723349,近戰,3 齒輪
普通攻擊(雙小劍),1163229184,近戰,0 齒輪 空中 second 普通 攻擊
普通攻擊(雙小劍),1163229191,近戰,1 齒輪
普通攻擊(雙小劍),1163229190,近戰,2 齒輪
普通攻擊(雙小劍),1163229189,近戰,3 齒輪
普通攻擊(雙小劍),1893769682,近戰,0 齒輪 空中 third 普通 攻擊
普通攻擊(雙小劍),1893769685,近戰,1 齒輪
普通攻擊(雙小劍),1893769684,近戰,2 齒輪
普通攻擊(雙小劍),1893769687,近戰,3 齒輪
雙小劍旋舞,3115487285,特殊,0 齒輪 TD Spin
雙小劍旋舞,3115487274,特殊,1 齒輪
雙小劍旋舞,3115487275,特殊,2 齒輪
雙小劍旋舞,3115487272,特殊,3 齒輪
墊步攻擊(雙小劍),2767975965,近戰,TD Step
狂怒華爾滋,238277165,PA,狂怒華爾滋 0 齒輪
狂怒華爾滋,238277154,PA,狂怒華爾滋 1 齒輪
狂怒華爾滋,238277155,PA,狂怒華爾滋 2 齒輪
狂怒華爾滋,238277152,PA,狂怒華爾滋 3 齒輪
速擊波卡舞,2053605232,PA,速擊波卡舞 階段 0 齒輪
速擊波卡舞,2053605233,PA,速擊波卡舞 階段 1 齒輪
速擊波卡舞,2053605246,PA,速擊波卡舞 階段 2 齒輪
速擊波卡舞,2053605247,PA,速擊波卡舞 階段 3 齒輪
威嚇賦格曲,1193225277,PA,Scar Fugue 0 齒輪 第一下
威嚇賦格曲,1193225276,PA,1 齒輪
威嚇賦格曲,1193225279,PA,2 齒輪
威嚇賦格曲,1193225278,PA,3 齒輪
威嚇賦格曲,2790036905,PA,Scar Fugue 0 齒輪 第二下
威嚇賦格曲,2790036906,PA,1 齒輪
威嚇賦格曲,2790036907,PA,2 齒輪
威嚇賦格曲,2790036908,PA,3 齒輪
威嚇賦格曲,721495005,PA,Scar Fugue 0 齒輪 第三下
威嚇賦格曲,721495004,PA,1 齒輪
威嚇賦格曲,721495003,PA,2 齒輪
威嚇賦格曲,721495002,PA,3 齒輪
野性狂想曲,3998547224,PA,野性狂想曲 階段 0 齒輪
野性狂想曲,3998547225,PA,野性狂想曲 階段 1 齒輪
野性狂想曲,3998547226,PA,野性狂想曲 階段 2 齒輪
野性狂想曲,3998547227,PA,野性狂想曲 階段 3 齒輪
黑暗詼諧曲,2711968273,PA,暗 Scherzo 0 齒輪 first two hits
黑暗詼諧曲,2711968272,PA,暗 Scherzo 1 齒輪
黑暗詼諧曲,2711968287,PA,暗 Scherzo 2 齒輪
黑暗詼諧曲,2711968286,PA,暗 Scherzo 3 齒輪
黑暗詼諧曲,2115627931,PA,暗 Scherzo 0 齒輪 final
黑暗詼諧曲,2115627930,PA,暗 Scherzo 1 齒輪
黑暗詼諧曲,2115627909,PA,暗 Scherzo 2 齒輪
黑暗詼諧曲,2115627908,PA,暗 Scherzo 3 齒輪
迅捷進行曲,3438453616,PA,Quick March 0 齒輪 2 踢s
迅捷進行曲,3438453623,PA,Quick March 1 齒輪
迅捷進行曲,3438453622,PA,Quick March 2 齒輪
迅捷進行曲,3438453621,PA,Quick March 3 齒輪
迅捷進行曲,751181375,PA,Quick March 0-1(?) 齒輪 final
迅捷進行曲,751181369,PA,Quick March 2 齒輪
迅捷進行曲,751181368,PA,Quick March 3 齒輪
驅馳交響曲,2764513441,PA,0 齒輪 Symphonic Drive first 踢
驅馳交響曲,2764513442,PA,1 齒輪
驅馳交響曲,2764513443,PA,2 齒輪
驅馳交響曲,2764513444,PA,3 齒輪
驅馳交響曲,167868454,PA,0 齒輪 Symphonic Drive second 踢
驅馳交響曲,167868455,PA,1 齒輪
驅馳交響曲,167868448,PA,2 齒輪
驅馳交響曲,167868449,PA,3 齒輪
劍刃圓舞曲,120509749,PA,0 齒輪 Orchestra
劍刃圓舞曲,120509750,PA,1 齒輪
劍刃圓舞曲,120509751,PA,2 齒輪
劍刃圓舞曲,120509752,PA,3 齒輪
劍刃圓舞曲,1362404324,PA,0 齒輪 Orchestra finish
劍刃圓舞曲,1362404325,PA,1 齒輪
劍刃圓舞曲,1362404326,PA,2 齒輪
劍刃圓舞曲,1362404327,PA,3 齒輪
血腥薩拉邦德,1022160397,PA,Bloody Saranbande 0 齒輪 pt1
血腥薩拉邦德,1022160396,PA,Bloody Saranbande 1 齒輪
血腥薩拉邦德,1022160395,PA,Bloody Saranbande 2 齒輪
血腥薩拉邦德,1022160394,PA,Bloody Saranbande 3 齒輪
血腥薩拉邦德,1185927985,PA,Bloody Saranbande 0 齒輪 pt2 ground
血腥薩拉邦德,2745888524,PA,Bloody Saranbande 0 齒輪 pt2 空中
血腥薩拉邦德,2745888515,PA,Bloody Saranbande 1 齒輪
血腥薩拉邦德,2745888514,PA,Bloody Saranbande 2 齒輪
血腥薩拉邦德,2745888513,PA,Bloody Saranbande 3 齒輪
寶石佛利亞,2569859798,PA,Facet Folia 0 齒輪 start
寶石佛利亞,2569859799,PA,Facet Folia 1 齒輪
寶石佛利亞,2569859796,PA,Facet Folia 2 齒輪
寶石佛利亞,2569859797,PA,Facet Folia 3 齒輪
寶石佛利亞,3225817327,PA,Facet Folia 0 齒輪 combo
寶石佛利亞,3225817324,PA,Facet Folia 1 齒輪
寶石佛利亞,3225817325,PA,Facet Folia 2 齒輪
寶石佛利亞,3225817234,PA,Facet Folia 3 齒輪
寶石佛利亞,1460149683,PA,Facet Folia 0 齒輪 finish
寶石佛利亞,1460149681,PA,Facet Folia 1 齒輪
寶石佛利亞,1460149686,PA,Facet Folia 2 齒輪
寶石佛利亞,1460149680,PA,Facet Folia 3 齒輪
急墬夢幻曲,1622238417,PA,Fall Nocturne 0-1 齒輪
急墬夢幻曲,1622238480,PA,Fall Nocturne 2 齒輪
急墬夢幻曲,1622238547,PA,Fall Nocturne 3 齒輪
普通攻擊(鋼拳),1325529929,近戰,Knuckles 1
普通攻擊(鋼拳),1539605878,近戰,Knuckles 2
普通攻擊(鋼拳),2996195244,近戰,Knuckles 3
普通攻擊(鋼拳),3833651966,近戰,Knuckles 空中 first 普通 攻擊
普通攻擊(鋼拳),3392788140,近戰,Knuckles 空中 second 普通 攻擊
普通攻擊(鋼拳),2085169672,近戰,Knuckles 空中 third 普通 攻擊
墊步攻擊(鋼拳),1024789612,近戰,Knuckles Step
俯身重拳,3490454980,PA,
閃擊刺拳,2220142187,PA,
輪轉連拳,2800536054,PA,
側身勾拳 零式,4153501826,PA,側身勾拳 (零式)
側身勾拳 零式,4153501763,PA,側身勾拳 (零式) 未蓄力
衝鋒直拳,3732653666,PA,衝鋒直拳 (first 擊中) 蓄力
衝鋒直拳,3964807003,PA,衝鋒直拳 (after first) 蓄力
衝鋒直拳,524347705,PA,衝鋒直拳 (first 擊中) un蓄力
衝鋒直拳,2294749657,PA,衝鋒直拳 (after first) un蓄力
衝鋒直拳零式,1438955103,PA,?
衝鋒直拳零式,3383204495,PA,?
憾地咆哮,895673964,PA,憾地咆哮
驚駭連拳,71364306,PA,驚駭連拳
閃影連擊,1586239574,PA,閃影連擊 uppercut
閃影連擊,3809237665,PA,閃影連擊 jabs
八極反砸,653244323,PA,八極反砸
八極反砸,653244128,PA,Backhand Smash
八極反砸,653244002,PA,Backhand Smash
流星拳,2796397201,PA,流星拳 (lots of fists edition)
流星拳,1647551898,PA,流星拳 蓄力 (lots of fists)
流星拳,1160708678,PA,Meteor Fist (medium fist無齒輪)
流星拳,1050511877,PA,流星拳 (bigass fist edition)
流星拳,70519939,PA,MEGAFIST
碎心衝擊,1169988911,PA,碎心衝擊 part 1
碎心衝擊,63569063,PA,碎心衝擊 part 2
普通攻擊(拔劍),3146534752,近戰,Katana 1
普通攻擊(拔劍),3146534691,近戰,Katana 2
普通攻擊(拔劍),3146534882,近戰,Katana 3
普通攻擊(拔劍),3103989825,近戰,Katana 空中 first 普通 攻擊 
普通攻擊(拔劍),3103990658,近戰,Katana 空中 second 普通 攻擊
普通攻擊(拔劍),3103990723,近戰,Katana 空中 third 普通 攻擊
墊步攻擊(拔劍),3106156042,近戰,Katana Step
完美反擊,2700168094,特殊,Just Counter 0 齒輪 hit
完美反擊,2700168093,特殊,Just Counter 1 齒輪
完美反擊,2700168092,特殊,Just Counter 2 齒輪
完美反擊,4143333980,特殊,Just Counter 3 齒輪
完美反擊,4136181738,特殊,Just Counter (2-3 齒輪) 第二下
反擊之刃,1987114712,特殊,Counter Edge 0-1 齒輪
反擊之刃,4184015666,特殊,Counter Edge 2-3 齒輪
茶花見月,3148575588,PA,茶花見月
榴成月下,215665118,PA,榴成月下 downswing
榴成月下,2160628938,PA,Gekka upswing
桔梗賞環,3148575462,PA,Kanran 未蓄力
桔梗賞環,206856796,PA,Kanran 蓄力
終櫻,3148575399,PA,Sakura 未蓄力
終櫻,206860877,PA,Sakura 蓄力
椿飛燕,3148574817,PA,Hien
朝霧薔薇,3148574752,PA,Asagiri
朝霧薔薇,3341396290,PA,final hit
波濤龍膽,3651508774,PA,Hatou 未蓄力
波濤龍膽,2325733367,PA,Hatou 未蓄力 double擊中
波濤龍膽,273071015,PA,Hatou 蓄力 close
波濤龍膽,2209628291,PA,Hatou 蓄力 medium
波濤龍膽,1651702934,PA,Hatou 蓄力 SWEET SPOOOOT
波濤龍膽,106956039,PA,Hatou Rindou 蓄力 第一下
波濤龍膽,168167719,PA,Hatou Rindou 蓄力 第二下
瞬華春蘭,2585461118,PA,Shunka 未蓄力
瞬華春蘭,3513096229,PA,Shunka 蓄力 start
瞬華春蘭,2264839669,PA,Shunka 蓄力 main combo
瞬華春蘭,1450022218,PA,Shunka-shunran left/right slash
瞬華春蘭,1309789969,PA,Shunka megaslash 1 of 2
瞬華春蘭,2017360610,PA,Shunka megaslash 2 of 2
華山撫子,3148578174,PA,華山撫子 (未改造)
華山撫子零式,2323234226,PA,華山撫子 (零式) 未蓄力
華山撫子零式,2323234289,PA,華山撫子 (零式) 階段 1 蓄力
華山撫子零式,2323233840,PA,華山撫子 (零式) 階段 2 蓄力
不動梔子,206850016,PA,不動梔子
拔劍戰技,156270665,特殊,Katana finish slash
紅蓮鐵線,1776976279,PA,紅蓮鐵線 衝刺
紅蓮鐵線,1522008442,PA,紅蓮鐵線 slash
拔劍戰技,4259442013,特殊,Katana finish megaslash
普通攻擊(飛翔劍),990294516,近戰,DB 1st 
普通攻擊(飛翔劍),990294325,近戰,DB 2nd 
普通攻擊(飛翔劍),990294387,近戰,DB 3rd 
普通攻擊(飛翔劍),996054556,近戰,DB 1st 空中
普通攻擊(飛翔劍),996054749,近戰,DB 2nd 空中
普通攻擊(飛翔劍),996054686,近戰,DB 3rd 空中
墊步攻擊(飛翔劍),991363414,近戰,DB 墊步 攻擊
飛翔劍撞擊,1317379950,近戰,Skill 戒指
光刃狂熱,3920319747,特殊,光刃狂熱
光刃狂熱,2866606807,特殊,Photon blade fever
猛禽展翼,2674942872,PA,猛禽展翼
猛禽展翼,2674942873,PA,#NAME?
猛禽展翼,2674942854,PA,#NAME?
猛禽展翼,2674942855,PA,#NAME?
擴散伯勞,1077400737,PA,擴散伯勞
擴散伯勞,1077400736,PA,#NAME?
擴散伯勞,1077400739,PA,#NAME?
擴散伯勞,1077400738,PA,#NAME?
天堂之鳶,1536765733,PA,天堂之鳶 (start)
天堂之鳶,1536765732,PA,#NAME?
天堂之鳶,1536765735,PA,#NAME?
天堂之鳶,1536765734,PA,#NAME?
天堂之鳶,3702927798,PA,天堂之鳶 (spin)
天堂之鳶,3702927797,PA,#NAME?
天堂之鳶,3702927796,PA,#NAME?
天堂之鳶,3702927803,PA,#NAME?
正義烏鴉,770345041,PA,正義烏鴉 (star forming)
正義烏鴉,770345042,PA,#NAME?
正義烏鴉,770345043,PA,#NAME?
正義烏鴉,770345044,PA,#NAME?
正義烏鴉,1549517485,PA,正義烏鴉 (project???e shot)
正義烏鴉,1549517474,PA,#NAME?
正義烏鴉,1549517475,PA,#NAME?
正義烏鴉,1549517472,PA,#NAME?
椋鳥殞落,2231885709,PA,椋鳥殞落 (擊中 1)
椋鳥殞落,2231885710,PA,#NAME?
椋鳥殞落,2231885711,PA,#NAME?
椋鳥殞落,2231885744,PA,#NAME?
椋鳥殞落,3810810460,PA,椋鳥殞落 (擊中 2)
椋鳥殞落,3810810461,PA,#NAME?
椋鳥殞落,3810810462,PA,#NAME?
椋鳥殞落,3810810463,PA,#NAME?
隼鷹狂怒,2840651037,PA,隼鷹狂怒
隼鷹狂怒,2840651036,PA,#NAME?
隼鷹狂怒,2840651039,PA,#NAME?
隼鷹狂怒,2840651038,PA,#NAME?
隼鷹狂怒零式,4277013577,PA,Kestrel Rampage 零式無齒輪
隼鷹狂怒零式,4277013576,PA,1 齒輪
隼鷹狂怒零式,4277013623,PA,2 齒輪
隼鷹狂怒零式,4277013622,PA,3 齒輪
永恆之鴿,823939487,PA,永恆之鴿 (ground 擊中 part 1)
永恆之鴿,823939486,PA,#NAME?
永恆之鴿,823939485,PA,#NAME?
永恆之鴿,823939484,PA,#NAME?
永恆之鴿,630801458,PA,永恆之鴿 (ground 擊中 part 2)
永恆之鴿,630801461,PA,#NAME?
永恆之鴿,630801460,PA,#NAME?
永恆之鴿,630801463,PA,#NAME?
永恆之鴿,2263183151,PA,永恆之鴿 (空中)
永恆之鴿,2263183150,PA,#NAME?
永恆之鴿,2263183145,PA,#NAME?
永恆之鴿,2263183144,PA,#NAME?
普通攻擊(強弓),2272169032,遠程,Bow 普通
普通攻擊(強弓),2272172706,遠程,Bow 普通(蓄力)
墊步攻擊(強弓),3762661375,近戰,墊步攻擊
支配射擊,346594595,PA,支配射擊 (未蓄力)
支配射擊,346612320,PA,支配射擊 (蓄力)
穿透箭,345271774,PA,穿透箭 (未蓄力)
穿透箭,345281053,PA,穿透箭 (蓄力)
激流箭雨,347381214,PA,激流箭雨 (未蓄力)
激流箭雨,347381151,PA,激流箭雨 (蓄力)
重力奇點,3485093660,PA,重力奇點 (未蓄力)
重力奇點,3438287013,PA,重力奇點 suction (未蓄力)
重力奇點,3485092908,PA,重力奇點 (蓄力)
重力奇點,3438287076,PA,重力奇點 suction (蓄力)
神風箭,3470042837,PA,神風箭 fling
神風箭,3439973719,PA,神風箭 rebound
神風箭,3470042646,PA,神風箭 fling (蓄力)
神風箭,3439973654,PA,神風箭 rebound (蓄力)
銳利爆破,294311563,PA,銳利爆破
銳利爆破零式,3671759171,PA,未蓄力
銳利爆破零式,3671760384,PA,蓄力
最終報應,3765323771,PA,最終報應
進擊射手,294299758,PA,進擊射手 踢s
進擊射手,294300276,PA,進擊射手 shot
進擊射手,349059562,PA,進擊射手 roundhouse
進擊射手零式,349008452,PA,進擊射手 (零式) 踢s
進擊射手零式,349008990,PA,進擊射手 (零式) 射擊
進擊射手零式,3255472210,PA,進擊射手 (零式) roundhouse
複製箭,348753019,PA,複製箭
萬箭風暴,294264661,PA,萬箭風暴
追擊箭,294264342,PA,追擊箭
普通攻擊(步槍),1856399071,遠程,Rifle shot
普通攻擊(步槍),220156466,遠程,Rifle Diveroll shoot
普通攻擊(脆化彈),713142898,特殊,Weak bullet 擊中
穿甲彈,220056925,PA,穿甲彈
鎗榴彈,220057357,PA,鎗榴彈
單點射擊,220057548,PA,單點射擊
擴散彈,220057487,PA,擴散彈
追蹤射擊,220057166,PA,追蹤射擊 (未改造)
追蹤射擊零式,3857665729,PA,追蹤射擊 (零式)
滑行射擊,220056584,PA,滑行射擊
滑行射擊,1218987301,PA,滑行射擊 (踢)
潛伏射手,220056777,PA,潛伏射手
榮耀之雨,1190704694,PA,Glorious Rain start
榮耀之雨,220056714,PA,榮耀之雨
平行射擊,220057419,PA,平行射擊
平行射擊零式,3857649477,PA,平行射擊零式
衛星光砲,2295790933,PA,衛星光砲 (no 蓄力)
衛星光砲,2295790868,PA,衛星光砲 (半 蓄力)
衛星光砲,2295790295,PA,衛星光砲 (全 蓄力)
終結誘惑,2285537842,PA,終結誘惑 (no 蓄力)
終結誘惑,2285537907,PA,終結誘惑 (半 蓄力)
終結誘惑,2285538736,PA,終結誘惑 (全 蓄力)
重力炸彈,3695311812,特殊,重力炸彈
震撼彈,506640607,特殊,震撼彈
中毒陷阱,3727926333,特殊,中毒 Trap (Ra 技能)
爆破陷阱,2460168075,特殊,Upper trap (Ra 技能)
定身彈,192041748,特殊,Bind Bullet (Ra 技能)
普通攻擊(大砲),594271163,遠程,First
普通攻擊(大砲),594271098,遠程,Second
普通攻擊(大砲),594270780,遠程,Third
普通攻擊(大砲),2731320054,遠程,Dive roll shoot
幻覺射擊,3433218069,特殊,Mirage Shot (Ra 技能)
混亂射擊,1201754534,特殊,Panic Shot (Ra 技能)
弱化射擊,2734794071,特殊,Jellen Shot (Ra 技能)
高爆砲彈,2709160760,PA,高爆砲彈
高爆砲彈 零式,1445952978,PA,未蓄力
高爆砲彈 零式,1445953294,PA,蓄力
單點集中,2709161692,PA,單點集中
集束砲彈,2709161629,PA,集束砲彈
破片砲彈,2219649314,PA,破片砲彈 (multi擊中)
破片砲彈,2709161566,PA,破片砲彈 (final)
零距離砲擊,2709161503,PA,零距離砲擊
火箭噴射,2219642677,PA,火箭噴射
火箭噴射,2219641904,PA,長杖eo Drive 空中 start hit
瘋狂鎚擊,2709161368,PA,瘋狂鎚擊 (direct enemy)
誘餌設置,2219699734,PA,誘餌設置
火焰放射,2709161242,PA,火焰放射
宇宙破壞者,2219596384,PA,宇宙破壞者
天體清除者,2219595324,PA,天體清除者
普通攻擊(雙機槍),3132894402,遠程,First 攻擊 (4x) 0 齒輪
普通攻擊(雙機槍),3132894403,遠程,1 齒輪
普通攻擊(雙機槍),3132894401,遠程,2 齒輪
普通攻擊(雙機槍),3132894400,遠程,3 齒輪
普通攻擊(雙機槍),1923738865,遠程,Second 攻擊 (4x) 0 齒輪
普通攻擊(雙機槍),1923738870,遠程,1 齒輪
普通攻擊(雙機槍),1923738868,遠程,2 齒輪
普通攻擊(雙機槍),1923738871,遠程,3 齒輪
普通攻擊(雙機槍),1901223401,遠程,Third 攻擊 (5x) 0 齒輪
普通攻擊(雙機槍),1901223406,遠程,1 齒輪
普通攻擊(雙機槍),1901223404,遠程,2 齒輪
普通攻擊(雙機槍),1901223407,遠程,3 齒輪
普通攻擊(雙機槍),2297353124,遠程,Dive roll shoot 0 齒輪
普通攻擊(雙機槍),2297352795,遠程,1 齒輪
普通攻擊(雙機槍),2297352794,遠程,2 齒輪
普通攻擊(雙機槍),2594009166,遠程,S-roll shoot 0 齒輪
普通攻擊(雙機槍),2594009167,遠程,1 齒輪
普通攻擊(雙機槍),2594009160,遠程,2 齒輪
普通攻擊(雙機槍),2594009161,遠程,3 齒輪
上勾踢擊,891590654,PA,Aerial shooting (未蓄力 踢) 0 齒輪
上勾踢擊,891590641,PA,1 齒輪
上勾踢擊,891590640,PA,2 齒輪
上勾踢擊,891590643,PA,3 齒輪
上勾踢擊,4004748150,PA,Aerial shooting (蓄力 launch) 0 齒輪
上勾踢擊,4004748151,PA,1 齒輪
上勾踢擊,4004748144,PA,2 齒輪
上勾踢擊,4004748145,PA,3 齒輪
上勾踢擊,4004760231,PA,Aerial shooting (first 空中 hit) 0 齒輪
上勾踢擊,4004760230,PA,1 齒輪
上勾踢擊,4004760225,PA,2 齒輪
上勾踢擊,4004760224,PA,3 齒輪
上勾踢擊,4004772370,PA,Aerial shooting (second 空中 hit) 0 齒輪
上勾踢擊,4004772369,PA,1 齒輪
上勾踢擊,4004772368,PA,2 齒輪
上勾踢擊,4004772375,PA,3 齒輪
空舞彈雨,3463411283,PA,Bullet Squall start (未改造) 0 齒輪
空舞彈雨,3463411282,PA,1 齒輪
空舞彈雨,3463411293,PA,2 齒輪
空舞彈雨,3463411292,PA,3 齒輪
空舞彈雨,443425897,PA,Bullet Squall 射擊 (未改造) 0 齒輪
空舞彈雨,443425896,PA,1 齒輪
空舞彈雨,443425899,PA,2 齒輪
空舞彈雨,443425898,PA,3 齒輪
死亡衝擊,232817712,PA,Dead Approach 0 齒輪
死亡衝擊,232817719,PA,1 齒輪
死亡衝擊,232817718,PA,2 齒輪
死亡衝擊,232817717,PA,3 齒輪
子彈時間,3991628327,PA,Messiah Time (every shot) 0 齒輪
子彈時間,3991628324,PA,1 齒輪
子彈時間,3991628325,PA,2 齒輪
子彈時間,3991628330,PA,3 齒輪
無限開火,3134942095,PA,Infinite 火 (initial volley) 0 齒輪
無限開火,3134942094,PA,1 齒輪
無限開火,3134942093,PA,2 齒輪
無限開火,3134942092,PA,3 齒輪
無限開火,879653107,PA,Infinite 火 (final volley) 0 齒輪
無限開火,879653104,PA,1 齒輪
無限開火,879653105,PA,2 齒輪
無限開火,879653110,PA,3 齒輪
無限開火零式,1612843143,PA,Infinite 火 零式 0 齒輪 射擊
無限開火零式,2004097432,PA,踢
無限開火零式,1345025835,PA,final blast
無限開火零式,1612843192,PA,1 齒輪 射擊
無限開火零式,2004097433,PA,踢
無限開火零式,1345025834,PA,final blast
無限開火零式,1612843193,PA,2 齒輪 射擊
無限開火零式,2004097434,PA,踢
無限開火零式,1345025833,PA,blast
無限開火零式,1612843194,PA,3 齒輪 射擊
無限開火零式,2004097435,PA,踢
無限開火零式,1345025832,PA,final blast
精確狙擊,1770510361,PA,Satellite Aim (hit 1) 0 齒輪
精確狙擊,1770510366,PA,1 齒輪
精確狙擊,1770510367,PA,2 齒輪
精確狙擊,1770510364,PA,3 齒輪
精確狙擊,2273182629,PA,Satellite Aim (hit 2) 0 齒輪
精確狙擊,2273181786,PA,1 齒輪
精確狙擊,2273181787,PA,2 齒輪
精確狙擊,2273181784,PA,3 齒輪
叛逆槍舞,1108337397,PA,Elder Rebellion (5 hits) 0 齒輪
叛逆槍舞,1108337396,PA,1 齒輪
叛逆槍舞,1108337395,PA,2 齒輪
叛逆槍舞,1108337394,PA,3 齒輪
叛逆槍舞,4042421111,PA,Elder Rebellion (2 blasts) 0 齒輪
叛逆槍舞,4042421110,PA,1 齒輪
叛逆槍舞,4042421105,PA,2 齒輪
叛逆槍舞,4042421104,PA,3 齒輪
叛逆槍舞,3412194152,PA,Elder Rebellion (final blast) 0 齒輪
叛逆槍舞,3412194159,PA,1 齒輪
叛逆槍舞,3412194158,PA,2 齒輪
叛逆槍舞,3412194157,PA,3 齒輪
逆轉腳刀,1550097800,PA,Reverse tap 0 齒輪
逆轉腳刀,1550097807,PA,1 齒輪
逆轉腳刀,1550097806,PA,2 齒輪
逆轉腳刀,1550097805,PA,3 齒輪
足踝重擊,2371693862,PA,Heel Stab (first 踢) 0 齒輪
足踝重擊,2371693863,PA,1 齒輪
足踝重擊,2371693860,PA,2 齒輪
足踝重擊,2371693861,PA,3 齒輪
足踝重擊,4134662873,PA,Heel Stab (未蓄力 second) 0 齒輪
足踝重擊,4134662878,PA,1 齒輪
足踝重擊,4134662879,PA,2 齒輪
足踝重擊,4134662876,PA,3 齒輪
足踝重擊,1163390941,PA,Heel Stab (蓄力 second) 0 齒輪
足踝重擊,1163390930,PA,1 齒輪
足踝重擊,1163390931,PA,2 齒輪
足踝重擊,1163390928,PA,3 齒輪
足踝重擊,148870087,PA,Heel Stab (蓄力 volley) 0 齒輪
足踝重擊,148870086,PA,1 齒輪
足踝重擊,148870081,PA,2 齒輪
足踝重擊,148870080,PA,3 齒輪
相位時刻,3102409757,PA,Shift Period 0 齒輪
相位時刻,3102409758,PA,相位時刻 1 齒輪
相位時刻,3102409759,PA,相位時刻 2 齒輪
相位時刻,3102409728,PA,Shift Period 3 齒輪
相位時刻,2107489028,PA,Shift Period 0 齒輪
相位時刻,2107489029,PA,Shift Period 1 齒輪
相位時刻,2107489030,PA,相位時刻 2 齒輪
相位時刻,2107489031,PA,Shift Period 3 齒輪
相位時刻,2928127116,PA,Shift Period 0 齒輪
相位時刻,2928127107,PA,Shift Period 1 齒輪
相位時刻,2928127106,PA,相位時刻 2 齒輪
相位時刻,2928127105,PA,Shift Period 3 齒輪
相位時刻,4206265008,PA,Shift Period 0 齒輪
相位時刻,4206265011,PA,Shift Period 1 齒輪
相位時刻,4206265010,PA,相位時刻 2 齒輪
相位時刻,4206265013,PA,Shift Period 3 齒輪
相位時刻,2869490729,PA,Shift Period 0 齒輪 final shot
相位時刻,2869490728,PA,Shift Period 1 齒輪 final shot
相位時刻,2869490902,PA,相位時刻 2 齒輪 final shot
相位時刻,2869490903,PA,Shift Period 3 齒輪 final shot
殘酷彈幕,896218141,PA,Grim Barrage 0 齒輪
殘酷彈幕,896218140,PA,1 齒輪
殘酷彈幕,896218139,PA,2 齒輪
殘酷彈幕,896218138,PA,3 齒輪
殘酷彈幕,1235843178,PA,Grim Barrage (part 2) 0 齒輪
殘酷彈幕,1235843181,PA,1 齒輪
殘酷彈幕,1235843180,PA,2 齒輪
殘酷彈幕,1235843183,PA,3 齒輪
普通攻擊(魔裝腳),3540874879,近戰,First Attack
普通攻擊(魔裝腳),2778548652,近戰,Second Attack
普通攻擊(魔裝腳),3614558463,近戰,Third Attack
墊步攻擊(魔裝腳),798466786,近戰,墊步攻擊
普通攻擊(魔裝腳),2184540187,近戰,Shift Action
普通攻擊(魔裝腳),747815998,特殊,Jump hit (火)
普通攻擊(魔裝腳),1254493977,特殊,Jump hit (冰)
普通攻擊(魔裝腳),3280158646,特殊,Jump hit (雷)
普通攻擊(魔裝腳),2954183594,特殊,Jump hit (風)
普通攻擊(魔裝腳),1853582271,特殊,Jump hit (光)
普通攻擊(魔裝腳),580662444,特殊,Jump hit (暗)
元素爆發,844099599,特殊,火 Elemental Burst (Bo 技能)
元素爆發,436531970,特殊,冰 Elemental Burst (Bo 技能)
元素爆發,3183103116,特殊,雷 Elemental Burst (Bo 技能)
元素爆發,3999693063,特殊,風 Elemental Burst (Bo 技能)
元素爆發,1812915089,特殊,光 Elemental Burst (Bo 技能)
元素爆發,606506553,特殊,暗 Elemental Burst (Bo 技能)
暴風強襲,2440471691,PA,暴風強襲 (未蓄力 first two)
暴風強襲,3982071982,PA,暴風強襲 (未蓄力 final)
暴風強襲,2049018178,PA,暴風強襲 (半 蓄力 first three)
暴風強襲,2476784422,PA,暴風強襲 (半 蓄力 final)
暴風強襲,1301043509,PA,暴風強襲 (蓄力 first four)
暴風強襲,3955365271,PA,暴風強襲 (final)
暴風強襲,3088217635,PA,暴風強襲 (interrupt)
暴風強襲零式,1071365573,PA,?
暴風強襲零式,452976794,PA,interrupt ?
暴風強襲零式,1462163353,PA,?
暴風強襲零式,1808168665,PA,interrupt ?
破浪突擊,424716447,PA,破浪突擊 (first 踢)
破浪突擊,3764244857,PA,破浪突擊 (踢 volle)
破浪突擊,147222821,PA,破浪突擊 (interrupt)
狂風時刻,1327336062,PA,狂風時刻
狂風時刻,4236946851,PA,狂風時刻 (interrupt part 1)
風之勝利者,4124802045,PA,Vinto (explode)
風之勝利者,2398433897,PA,Vinto (explode any 齒輪)
風之勝利者,3958422470,PA,Vinto (踢)
風之勝利者,1528400162,PA,Vinto (踢 半 齒輪)
風之勝利者,3849186397,PA,Vinto Gigue (全 齒輪 explosion)
風之勝利者,598735040,PA,Vinto (踢 全 齒輪)
普通攻擊(奏具),4065469038,近戰,Baton 攻擊
普通攻擊(汪達),2785585589,近戰,汪達 auto-攻擊 1
普通攻擊(汪達),2785585652,近戰,汪達 auto-攻擊 2
普通攻擊(汪達),2785585714,近戰,汪達 auto-攻擊 3
汪達‧突擊,933681441,PA,汪達‧突擊
汪達‧環擊,3960069561,PA,汪達‧環擊
汪達‧電場,3960069496,PA,汪達‧電場
汪達‧脈衝,933701936,PA,汪達‧脈衝
汪達‧脈衝,4223323079,PA,汪達‧脈衝
汪達‧斬切,2918501417,PA,汪達‧斬切
汪達‧斬切,2918501480,PA,汪達‧斬切
普通攻擊(金迦),2981353400,近戰,Jinga first 普通 攻擊
普通攻擊(金迦),2981353465,近戰,Jinga second 普通 攻擊
普通攻擊(金迦),2981351487,近戰,Jinga third 普通 攻擊
金迦‧斬切,3467827123,PA,?範?????素早?????多?敵?同時?攻???。
金迦‧斬切,3467827186,PA,2 hit
金迦‧電場,2252116314,PA,閃光?伴?衝?波??生??敵?目?????、足止????。
金迦‧環擊,2252115978,PA,??描????、強力?一??放?。範?????、周??敵???倒??。
金迦‧脈衝,3369486556,PA,跳?????敵?突?上??攻???。擊中??敵?持???????生。
金迦‧脈衝,3606184590,PA,Dot
金迦‧突擊,3369572495,PA,光子????、?????突????後、??????元????。
普通攻擊(托利姆),487482498,近戰,Torim auto-攻擊 1
普通攻擊(托利姆),487482435,近戰,Torim auto-攻擊 2
普通攻擊(托利姆),487489051,近戰,Torim auto-攻擊 3
托利姆‧衝撞,4093858806,PA,托利姆‧衝撞
托利姆‧迴旋,2211899418,PA,托利姆‧迴旋 (未蓄力)
托利姆‧迴旋,2211899483,PA,托利姆‧迴旋 (蓄力 lv.1)
托利姆‧迴旋,926005986,PA,托利姆‧迴旋 (蓄力 lv.1 shout buff)
托利姆‧迴旋,2211900312,PA,托利姆‧迴旋 (蓄力 lv.2)
托利姆‧迴旋,926861457,PA,托利姆‧迴旋 (蓄力 lv.2 shout buff)
托利姆‧光彈,4238918472,PA,托利姆‧光彈 shout buff dot
托利姆‧光彈,4238918539,PA,托利姆‧光彈 Dot
托利姆‧光彈,2052351310,PA,托利姆‧光彈 Hit 1
托利姆‧光彈,672081019,PA,托利姆‧光彈  Hit 2
托利姆‧尖嘯,4093858743,PA,托利姆‧尖嘯
托利姆‧斬擊,4093858613,PA,托利姆‧斬擊
托利姆‧斬擊,672024361,PA,托利姆‧斬擊 shout buff
普通攻擊(埃洛),37070160,近戰,Aero first 普通 攻擊
普通攻擊(埃洛),37070227,近戰,Aero second 普通 攻擊
普通攻擊(埃洛),37070290,近戰,Aero third 普通 攻擊
埃洛‧尖嘯,772156432,PA,咆哮?共??合?溜??。一定時間特定?光子????威力?上??。
埃洛‧衝撞,772155588,PA,瞬時?敵?近??、体????攻?。攻??同時?敵?反?側?回?。
埃洛‧斬擊,772155525,PA,?翼?光子???連?攻??行?。幾重??渡?翼??敵?切?刻?。
埃洛‧斬擊,88413264,PA,shout
埃洛‧迴旋,4119800976,PA,力?溜?、必殺?一??放?。(未蓄力)
埃洛‧迴旋,4119798486,PA,(蓄力 lv.1)
埃洛‧迴旋,663625842,PA,(蓄力 lv.1 shock wave)
埃洛‧迴旋,3404526192,PA,(蓄力 lv.1 shout buff)
埃洛‧迴旋,2888644253,PA,(蓄力 lv.1 shock wave shout buff)
埃洛‧迴旋,4119798295,PA,(蓄力 lv.2)
埃洛‧迴旋,647460626,PA,(蓄力 lv.2 shock wave)
埃洛‧迴旋,3404513889,PA,(蓄力 lv.2 shout buff)
埃洛‧迴旋,1798066999,PA,(蓄力 lv.2 shock wave shout buff)
埃洛‧光彈,2572277765,PA,宙返??共?羽根???射??。??後、??????元????。
埃洛‧光彈,88471088,PA,Hit1
埃洛‧光彈,3446126836,PA,Hit2
埃洛‧光彈,3446127031,PA,shout buff dot
普通攻擊(莎莉),639929291,近戰,Sally auto-攻擊 1
莎莉‧爆破,2156897712,PA,莎莉‧爆破
莎莉/波普露‧能量場,493814577,PA,莎莉‧能量場
莎莉/波普露‧能量場,493814640,PA,莎莉‧能量場
莎莉‧弱化彈,3581010262,PA,莎莉‧弱化彈
莎莉‧重力場,385030021,PA,莎莉‧重力場
莎莉‧追擊彈,385050960,PA,莎莉‧追擊彈
普通攻擊(波普露),578161427,近戰,popple
波普露‧爆破,2622073432,PA,凝縮???光子炸裂???射??。????????????可能。
波普露‧爆破,850642716,PA,蓄力
波普露‧重力場,1711861634,PA,光子???重力場?形成? 敵?捕??、行動?阻害??。
波普露‧追擊彈,1711859717,PA,敵???倒??進?追尾???射??。?速?速??、持?性?低?。
波普露‧弱化彈,3737792897,PA,?????果?持?追尾??敵?放?。?????攻?力?低下???。
普通攻擊(馬隆),2944355330,近戰,馬隆 auto-攻擊 1
普通攻擊(馬隆),2944352598,近戰,馬隆 auto-攻擊 2
普通攻擊(馬隆),2944352663,近戰,馬隆 auto-攻擊 3
馬隆‧阿拉花瓜,3595323408,PA,馬隆 Strike 0～2 hit
馬隆‧阿拉花瓜,3595323990,PA,馬隆 Strike 3～5 hit
馬隆‧阿拉花瓜,3595323799,PA,馬隆 Strike 6 hit (Max)
馬隆‧阿拉花瓜(爆炸),4118650930,PA,馬隆 Strike explosion
馬隆‧環擊,115059488,PA,馬隆 Break
馬隆‧追擊彈,115059427,PA,馬隆 Chaser
馬隆‧光彈,1099252288,PA,馬隆 Curse Hit
馬隆‧光彈,1102156943,PA,馬隆  Curse Dot
普通攻擊(梅隆),2920779330,近戰,梅隆 auto-攻擊 1
普通攻擊(梅隆),2920778756,近戰,梅隆 auto-攻擊 2
普通攻擊(梅隆),2920778949,近戰,梅隆 auto-攻擊 3
梅隆‧強襲,3889466000,PA,梅隆 Strike 0 hit
梅隆‧強襲,3889465937,PA,梅隆 Strike 1 hit
梅隆‧強襲,3889465879,PA,梅隆 Strike 2 hit (Max)
梅隆‧強襲(爆炸),1160289435,PA,梅隆 Strike explosion
梅隆‧環擊,3771080959,PA,梅隆 Break
梅隆‧追擊彈,3771080766,PA,梅隆 Chaser
梅隆‧光彈,745748621,PA,梅隆 Curse Hit
梅隆‧光彈,745791480,PA,梅隆 Curse Dot
馬隆&梅隆被炸死,3460765776,Damage,?????後?????kill??????
普通攻擊(拉比),2042365716,近戰,拉比 (pet) 普通 攻擊
拉比‧旋律,3463249617,PA,拉比 Melody 攻擊 (pet)
拉比‧旋律,12316684,PA,拉比 Melody heal (pet)
拉比‧墬落,1380676151,PA,拉比 Drop (pet)
拉比‧大砲,1380677110,PA,拉比 Cannon (pet)
拉比‧迅擊,401389881,PA,拉比 Sonic (pet)
拉比‧終結,1793658679,PA,拉比 End 階段 1 (pet)
拉比‧終結,1793658742,PA,拉比 End 階段 2 (pet)
拉比‧終結,1793658549,PA,拉比 End 階段 3 (pet)
普通攻擊(獨角獸),1596394370,近戰,獨角獸 first 普通 攻擊
普通攻擊(獨角獸),1596394307,近戰,獨角獸 second 普通 攻擊
普通攻擊(獨角獸),1596393984,近戰,獨角獸 third 普通 攻擊
獨角獸‧斬切,4259075413,PA,獨角獸‧斬切 第一下
獨角獸‧斬切,4259075094,PA,獨角獸‧斬切 第二下
獨角獸‧突擊,555201499,PA,獨角獸‧突擊
獨角獸‧重踏,555203454,PA,獨角獸‧重踏
獨角獸‧重踏,4244643339,PA,獨角獸‧重踏 hard hit
獨角獸‧脈衝,555201434,PA,獨角獸‧脈衝 第一下
獨角獸‧脈衝,201300655,PA,獨角獸‧脈衝 DoT
獨角獸‧斬切,2643918256,PA,獨角獸‧斬切 第一下 (獨角獸‧轉換 version)
獨角獸‧斬切,2643918193,PA,獨角獸‧斬切 第二下 (獨角獸‧轉換 version)
獨角獸‧突擊,4235149933,PA,獨角獸‧突擊 (獨角獸‧轉換 version)
獨角獸‧重踏,4259879100,PA,獨角獸‧重踏 (獨角獸‧轉換 version)
獨角獸‧重踏,375503608,PA,獨角獸‧重踏 hard hit (獨角獸‧轉換 version)
獨角獸‧脈衝,4234893896,PA,獨角獸‧脈衝 第一下 (獨角獸‧轉換 version)
獨角獸‧脈衝,444146511,PA,獨角獸‧脈衝 DoT (獨角獸‧轉換 version)
普通攻擊(真九郎),1147655708,近戰,真九郎 first 普通 攻擊
普通攻擊(真九郎),1147655711,近戰,Shinkurou second 普通 hit
普通攻擊(真九郎),1147655710,近戰,Shinkurou third 普通 hit
真九郎‧斬,2368496396,PA,高速?接近?、光子?刃?一閃。「??」????威力?上昇??。
真九郎‧拳,2368496267,PA,拳???怒???打??見舞???。「??」????擊中???加??。
真九郎‧彈,2368496200,PA,??????元???、????射。「??」?????????果??生。
真九郎‧腳,2368496330,PA,敵?攻??回?????、蹴???。「??」????攻?範???大??。
真九郎‧擊,2905893090,PA,全身?力????一??叩???。「??」?回?????、威力?上昇。
普通攻擊(飛龍),2131775436,近戰,Ledran 普通 攻擊
飛龍‧雷射,1219413769,PA,Ledran Laser
飛龍‧斬擊,4244805011,PA,Ledran Slash
飛龍‧晶礦,4244805205,PA,Ledran Mine hit
飛龍‧晶礦,1312015390,PA,Ledran Mine explosion
飛龍‧連彈,1282005173,PA,Ledran Burst 1-3 balls
飛龍‧連彈,1282005238,PA,Ledran Burst 4-7 balls
飛龍‧連彈,1282005047,PA,Ledran Burst 8 balls
打?/攻擊,2667138551,特殊,馬古 action (S-ATK Attack)
打?/吹飛,3296842070,特殊,馬古 action (S-ATK Blow)
打?/爆破,546125641,特殊,馬古 action (S-ATK Upper)
射?/炎通常?,1810252617,特殊,馬古 action (R-ATK 火 Bullet)
射?/?通常?,1509329819,特殊,馬古 action (R-ATK 冰 Bullet)
射?/雷通常?,887429903,特殊,馬古 action (R-ATK 雷 Bullet)
射?/風通常?,1747262548,特殊,馬古 action (R-ATK 風 Bullets)
射?/光通常?,3303318723,特殊,馬古 action (R-ATK 光 Bullet)
射?/闇通常?,1811866223,特殊,馬古 action (R-ATK 暗 Bullet)
射?/炎貫通?,183890233,特殊,馬古 action (R-ATK Piercing 火 Bullet)
射?/?貫通?,3146527639,特殊,馬古 action (R-ATK Piercing 冰 Bullet)
射?/雷貫通?,2042405421,特殊,馬古 action (R-ATK Piercing 雷 Bullet)
射?/風貫通?,195905495,特殊,馬古 action (R-ATK Piercing 風 Bullet)
射?/光貫通?,2373460025,特殊,馬古 action (R-ATK Piercing 光 Bullet)
射?/闇貫通?,196570118,特殊,馬古 action (R-ATK Piercing 暗 Bullet)
射?/炎炸裂?,867373469,特殊,馬古 action (R-ATK Exploding 火 Bullet)
射?/?炸裂?,1542931456,特殊,馬古 action (R-ATK Exploding 冰 Bullet)
射?/雷炸裂?,3126711672,特殊,馬古 action 雷炸裂?(R-ATK/Exploding 雷 Bullet)
射?/風炸裂?,1687392375,特殊,馬古 action (R-ATK Exploding 風 Bullet)
射?/光炸裂?,649064981,特殊,馬古 action (R-ATK Exploding 光 Bullet)
射?/闇炸裂?,2364012448,特殊,馬古 action (R-ATK Exploding 暗 Bullet)
法?/火球,1049123664,特殊,馬古 action (T-ATK Foie)
法?/冰刃,3760306129,特殊,馬古 action (T-ATK Barta)
法?/落雷,4075390095,特殊,馬古 action (T-ATK Zonde)
法?/風刃,912617849,特殊,馬古 action (T-ATK Zan)
法?/光箭,1886571787,特殊,馬古 action (T-ATK Grants)
法?/闇影彈,1059126347,特殊,馬古 action (T-ATK Megid)
SP打?/?舞,3104220402,特殊,馬古 action - ?舞(S-ATK SP/Clobber)
SP射?/速射,4205203418,特殊,馬古 action - 速射(R-ATK SP/Vulcan)
海利克斯????,2004640116,特殊,PB Helix Proi 0+1+2-chain
海利克斯????,1792224906,特殊,PB Helix Proi 3-chain
海利克斯????,1075221526,特殊,PB Helix Imera aoe 攻擊 0-chain
海利克斯????,1817839236,特殊,PB Helix Imera 第一下 1++-chain
海利克斯????,3826344072,特殊,PB Helix Imera aoe 攻擊 1+2-chain
海利克斯????,4211237222,特殊,PB Helix Imera aoe 攻擊 3-chain           
海利克斯????,3903398021,特殊,PB Helix Nykta horn hit 0+1-chain
海利克斯????,823402941,特殊,PB Helix Nykta horn hit 2+3-chain
海利克斯????,3627456031,特殊,PB Helix Nykta landing hit 0+1-chain
海利克斯????,2415309454,特殊,PB Helix Nykta landing hit 2+3-chain
????????,718460570,特殊,PB Ajax Proi 0+1+2-chain
????????,498592293,特殊,PB Ajax Proi 3-chain
????????,4274907792,特殊,PB Ajax Imera 0+1+2-chain
????????,2379589576,特殊,PB Ajax Imera 3-chain
????????,3512301214,特殊,PB Ajax Nykta 第一下 0+1-chain
????????,1846509854,特殊,PB Ajax Nykta 第一下 2+3-chain
????????,3625928312,特殊,PB Ajax Nykta 第二下 0+1-chain
????????,2811060000,特殊,PB Ajax Nykta 第二下 2+3-chain
????????,4277784487,特殊,PB Ketos Proi 0+1+2+3-chain
????????,430308113,特殊,PB Ketos Imera 0-chain
????????,413582417,特殊,PB Ketos Imera 1-chain
????????,4017106933,特殊,PB Ketos Imera 2-chain
????????,380422613,特殊,PB Ketos Imera 3-chain
????????,1161221232,特殊,PB Ketos Nykta 0+1-chain
????????,320287461,特殊,PB Ketos Nykta 2-chain
????????,3929437971,特殊,PB Ketos Nykta 3-chain
尤利烏斯????,2074769727,特殊,PB Julius Proi 0-chain
尤利烏斯????,2074769724,特殊,PB Julius Proi 1-chain
尤利烏斯????,2074769725,特殊,PB Julius Proi 2-chain
尤利烏斯????,2074769722,特殊,PB Julius Proi 3-chain
尤利烏斯????,2224628886,特殊,PB Julius Proi final blast 0-chain
尤利烏斯????,2224628885,特殊,PB Julius Proi final blast 1-chain
尤利烏斯????,2224628884,特殊,PB Julius Proi final blast 2-chain
尤利烏斯????,2224628883,特殊,PB Julius Proi final blast 3-chain
尤利烏斯????,3412523140,特殊,PB Julius Imera 0-chain
尤利烏斯????,3412523139,特殊,PB Julius Imera 1-chain
尤利烏斯????,3412523138,特殊,PB Julius Imera 2-chain
尤利烏斯????,3412523137,特殊,PB Julius Imera 3-chain
尤利烏斯????,764702094,特殊,PB Julius Nykta 0-chain
尤利烏斯????,764702093,特殊,PB Julius Nykta 1-chain
尤利烏斯????,764702092,特殊,PB Julius Nykta 2-chain
尤利烏斯????,764702091,特殊,PB Julius Nykta 3-chain
伊利歐斯????,2814861617,特殊,PB Ilios Proi 0-chain
伊利歐斯????,2814861618,特殊,PB Ilios Proi 1-chain
伊利歐斯????,2814861619,特殊,PB Ilios Proi 2-chain
伊利歐斯????,2814861772,特殊,PB Ilios Proi 3-chain
伊利歐斯????,2207342095,特殊,PB Ilios Imera 0-chain
伊利歐斯????,2207342092,特殊,PB Ilios Imera 1-chain
伊利歐斯????,2207342093,特殊,PB Ilios Imera 2-chain
伊利歐斯????,2207342090,特殊,PB Ilios Imera 3-chain
伊利歐斯????,4037912096,特殊,PB Ilios Nykta 0-chain
伊利歐斯????,4037912097,特殊,PB Ilios Nykta 1-chain
伊利歐斯????,4037912102,特殊,PB Ilios Nykta 2-chain
伊利歐斯????,4037912103,特殊,PB Ilios Nykta 3-chain
衝刺踢擊,85301614,特殊,Tokyo speed-pad 踢 level 1
衝刺踢擊,85302964,特殊,Tokyo speed-pad 踢 level 2 
衝刺踢擊,85303029,特殊,Tokyo speed-pad 踢 level 3
衝刺踢擊,85301612,特殊,Tokyo speed-pad 踢 level 1 on cars
衝刺踢擊,85302966,特殊,Tokyo speed-pad 踢 level 2 on cars
衝刺踢擊,85303031,特殊,Tokyo speed-pad 踢 level 3 on cars
騎乘戰機,3491866260,特殊,騎乘戰機射出
騎乘戰機,2056025809,特殊,騎乘戰機 普通 通常 wip
騎乘戰機,2534881408,特殊,騎乘戰機 hit forward stop
騎乘戰機,2600476838,特殊,騎乘戰機 緊急回避
騎乘戰機,1247666429,特殊,騎乘戰機 完美?????????
騎乘戰機,3750571080,特殊,騎乘戰機 UFO ?
騎乘戰機,3642240295,特殊,騎乘戰機 UFO core ?
騎乘戰機,651750924,特殊,Big UFO hit?
騎乘戰機,2452463220,特殊,something relating to big ufo and rideroid
騎乘戰機,1732461796,特殊,something relating to big ufo and rideroid
騎乘戰機,3809261131,特殊,something relating to big ufo and rideroid
騎乘戰機,1876785244,特殊,Rideroid auto-攻擊 (Mother phase 1)
騎乘戰機,3765765641,特殊,Rideroid rockets (Mother phase 1)
騎乘戰機,3642969286,特殊,Rideroid barrel roll (Mother phase 1)
騎乘戰機,1258041436,特殊,Rideroid Over Boost hit? (Mother phase 1)
能量環,645891880,特殊,騎乘戰機 ????????
小補藥,2925757257,特殊,Monomate (Automate Halfline/Deadline also uses this)
中補藥,2925757256,特殊,Dimate (Automate Halfline/Deadline also uses this)
大補藥,2925757259,特殊,Trimate (Automate Halfline/Deadline also uses this)
?????????,2925757249,特殊,Star Atomizer
回復站,633660526,特殊,Recovery Pod (found before bosses & ????????)
回復站,458852839,特殊,Restoration Pod (random spawn on maps & 回復???)
治療防禦,662646057,特殊,Healing Guard (Hu 技能)
極限突破‧光子充能,140040,特殊,Wound' state ending (Limit Break/PP Convert & Bayaribbles/Guar-Zigmorde/Hunar/Blu 戒指ahda/Viel all inflict this)
完美受身,2440029502,特殊,Just Reversal Cover (Br 技能)
完美受身,3580699874,特殊,Just Reversal B 戒指
治療分享,2616315751,特殊,Heal Share (Bo 技能)
HP吸收,893379015,特殊,Vampiric Blade/Celestial Bullet/Megiverse all belong here
弧月蝕,2608912395,特殊,Lunar Eclipse (武器 Potential)
飛斬翔刃,3065779197,特殊,斬?(????????)(武器 Potential)
飛斬翔刃,3065779131,特殊,斬?(????????)(武器 Potential)
飛斬翔刃,3065778236,特殊,斬?(????????)(武器 Potential)
Emperappy hug <3,2088559161,特殊,Emperappy hug <3
東京風?????,585389849,特殊,Tokyo Style Hamburger (Cuisine)
磁雷針,2370429206,特殊,馬古netic Needle (Skyscape areas)
圓形雷射,2939688058,特殊,Circle Laser (random spawn on maps)
普通砲塔,1852253343,特殊,Normal Turret
拘束銃座,1358461404,特殊,長杖os Grapple Turret
大砲,2414748436,特殊,Facility Cannon
光子大砲,1954812953,特殊,Photon Cannon 未蓄力
光子大砲,2822784832,特殊,Photon Cannon 蓄力
禍縛?矢,791327364,特殊,Binding Arrow Turret
光子粒子砲,3339644659,特殊,Photon Particle turret
AIS 光子機關槍,119505187,特殊,A.I.S rifle (????????)
AIS 光子斬艦刃,79965782,特殊,A.I.S melee first 攻擊 (光子斬艦刃)
AIS 光子斬艦刃,79965783,特殊,A.I.S melee second 攻擊 (光子斬艦刃)
AIS 光子斬艦刃,79965784,特殊,A.I.S melee third 攻擊 (光子斬艦刃)
AIS 光子斬艦刃,80047171,特殊,A.I.S 衝刺 melee (光子斬艦刃)
AIS 光子飛彈,434705298,特殊,A.I.S rockets (光子?????)
AIS 光子衝鋒,79964675,特殊,A.I.S gap closer PA 攻擊 (光子????)
AIS 光子加農砲,1460054769,特殊,A.I.S cannon (光子?????)
AIS 光子凍結,4081218683,特殊,A.I.S mob freezing 攻擊 (光子?????)
AIS 脆化彈,3298256598,特殊,A.I.S Weak Bullet (????????)
AIS 範圍治癒,2826401717,特殊,A.I.S heal (??????)
